id,username
1,system
10039,mzfx0t
10003,fzdxck
10047,dzsb9q
10024,gzg12q
10038,nzdcv9
10749,lzj8ph
10307,tzp3px
10205,jzn5sv
10321,gzhjf7
10385,sz9ts5
10534,dzzv6f
10320,tzwfxv
10041,wzqn2h
10208,qz3lp2
10020,jz4nkw
10050,pzqm67
10126,zzcsww
10145,nzg17z
10054,"user_app"
10813,mjzn96
10391,bzjj4v
10133,gz8w85
10481,kzsfnm
10045,dzsb9q
10023,vzbgp0
10062,vzvchg
10105,mzqzb2
10413,fz9j2s
10210,hzfvpn
10327,fzpnsq
10017,bztv49
10177,nz7cxm
10395,hzxqxr
11205,xj37v4
10090,lzmbql
10123,hz2wkq
10178,tz03hb
10707,fj0l0h
10173,gzcg86
10079,fzn7f2
10577,pj7skr
10220,cz8gw7
10209,xz1wqx
10089,kz4sp7
10286,mzfj5h
11352,hjgn4t
10290,tz3dyy
10092,szrccv
11428,bjwy3t
10075,wzzxys
10605,gj54vv
10212,dzmn7t
10495,bzbfpt
10125,fzppq0
10120,zz71g7
10080,dz6d13
10616,wj9dw1
10733,djmbr5
11303,lzq7px
11107,mj9lkb
10617,jj4d8j
11690,wz1tz5
10151,jzqv8x
10404,zznh4d
10817,pz5q5t
10152,czc9m5
10211,tz7vrs
10652,dzl5k0
10130,mzrkwl
10118,bzlpk0
11419,gjw12w
10170,dzxzxc
10172,fzrjlk
10256,xzzbmz
11263,pjvd9t
10168,bz9x7q
10175,fz7bjq
10259,bz08fr
11413,nzf347
10595,jzb1xq
10947,lzynx1
10213,xzznkz
10187,gzyz7t
10257,wzm38n
10048,rz534d
10843,cz0fdf
11433,sjrp88
10180,dzxccf
10214,lzclrq
10390,rzf76d
10055,pzdh0z
10540,pzf78d
10200,cz8yh3
10227,dzzg73
10223,lzwchc
10224,nzd9zq
10009,czc5vk
10191,bzkc3x
10574,lzgc4x
11066,nz5pym
10683,gzkts7
10222,hzkk9g
10201,qzwxjm
11009,hjp8vx
10217,hzs7z9
10225,rz0knj
10226,fz33y2
10215,jz63tv
10040,hzkq2v
10618,gj9xf3
10258,sz04c1
11442,hz710m
10247,zz9k34
10221,vzyl00
10251,mzw1t9
10717,zzmr46
10245,gz0xfr
10263,szhvgv
10137,dzv8dy
10216,zzk4kl
10018,zz1cc4
10269,vzpkb9
10383,gzpp2d
10095,qzgg6z
11982,tzs10k
10184,mzl67z
10255,bzwg1h
10462,qzyzgz
11101,sjzhvm
10268,czhfbx
10317,hzjqb4
10798,vzccvc
10305,xzhsrl
10684,hzs8nb
10466,tzbcrx
10029,nzp2z5
10237,hz8gq2
10444,xz5tyz
10102,xzl2kj
10330,xzh3y9
10127,sz68t3
11261,nztc8s
10402,fzjchd
10250,pzr37t
12355,qjpbdq
10285,wzlq4q
12408,"gid_actsfy_sw"
11031,vzl4wk
11033,fzr1tt
10490,wzmw16
10348,fzdbm3
10370,billw
10260,rzlw3b
10465,czypd9
10362,gz85kw
10310,rzw4v0
10525,kz809x
11462,mz76g8
10324,wzgnq9
11407,gzwbz6
10418,cz3pbz
10335,jzp6tm
10792,wz8yp6
10276,czvttq
10713,dj0tgd
10545,pz54h8
10380,zztm0q
10760,wj4pd2
10279,wzgn1t
10420,fzj88l
10524,bzsh9m
10357,mzh1qz
10486,vznyw9
10101,qzcv9q
10195,mzvdqp
10278,pzgyhx
10491,szdlmz
10150,xz152s
10457,pzy97j
10433,dz3nhm
10581,bzstrb
10345,bzyrwm
10649,jztxpp
10487,bzw71k
10277,xzlqm9
10492,hzsn9k
10430,szv59f
10316,dztp8r
11969,xjqrd1
10943,mjrj5b
11280,qjbspr
10431,hzkb6m
10458,qjjbtb
10598,rztr43
10121,xzh296
10446,hzxwt2
10599,kz7f97
11403,jzvm3f
11015,xj9rl9
10454,jzr0dv
10479,fz3gt9
10182,kznm3l
11070,kz0p31
10480,rzjcf8
10604,rjhw8c
10068,hzgbb0
10319,tzg0f7
10502,pzj494
10416,tz5khh
10419,bzfnb6
10503,hzqhyd
10752,gj0ndv
10417,mzqhc9
10445,pzfrk3
11271,kjx0b5
10448,qjnzpm
10464,fzq29r
10754,fzbp95
10505,mzjlld
10633,zjszpr
10219,pz9jg6
10507,cz1m3d
10516,vzck00
10517,czc4tf
11044,pzph23
10506,wzqmpv
10508,gzrjk5
10634,vj4tsv
10289,szhrnm
10509,dzkmm5
10635,tjhf6x
10510,lzm497
10624,lzghw6
10636,kjb33x
10529,vjqn46
10637,rj7jt3
10443,gz35sc
10739,gj1tjd
10512,cz1gth
10638,tjrgxt
10384,czn7cg
10513,tzkblp
10514,hz1xfg
10755,xzx1hf
10951,qzb3mh
10650,mz24fn
10530,fzdjny
10111,dz45qv
11008,cjvbzd
10027,fzpn8f
10531,zzqnrm
10498,fz4n1s
11242,dzdw49
10651,fj601b
10639,zjl0mt
10642,qjgwmt
10665,pj31h9
10046,cz6knx
10594,lzxgkr
10774,dzxfjr
10643,zjc1c6
11279,hjbyhf
10644,qj1hwy
10645,mjy8p6
11132,xjc1qz
10926,zz0l3l
10341,czg54r
11376,fzpr6s
10646,hjyhdq
10647,sjgnx8
10655,bz9s9z
10169,dz89sz
10640,bjq4wb
10783,tjh8nk
10662,bz3hf2
10993,pzk98k
10788,qzz8th
10641,ljkwdn
10453,zzx16n
10536,dzfh5r
10188,tzr5v3
10568,rjynrh
11322,hjfs3g
10696,nzw5w6
10565,zz158g
10629,xj8qhx
10680,qznjht
10076,mznh88
10537,tzpdpd
10630,fjn2cq
10631,pjhzg9
10741,jzzbwx
10632,pjd9yv
11058,cjfnql
11514,fz9rl7
10625,cjlht3
10626,mjv904
10627,cjljmy
10628,qjf4c4
10100,fz127p
10584,wjqvyv
10648,qz4j2s
10726,nz9zbn
10346,bzfhpt
10541,nj0fq1
10597,bzxwpg
10586,rz39bf
10596,rzhchm
12000,zjhd20
10154,kz1lb9
10400,fzn36w
10592,qzhyty
10824,zzgs6h
10148,tz9dw1
10612,bzsnmv
11040,mjm5mp
10856,fz962f
10785,hjdk50
10716,dz3t0n
11489,kjrfwp
10093,lz1z3c
10919,njp5fc
10561,qz34f9
10786,gz5zb1
10485,mzs1s1
10670,pzk72h
11059,tzzkrj
10469,lzz7kf
10558,wz4sb5
10789,pzmwgn
11515,qznkqd
10456,dzmp8f
10522,czvbmg
10892,fzz18g
10977,fznsll
10543,zzshlt
10910,rz3ktn
10848,nzb03m
10567,gzw9g3
10900,gj2m84
10313,hzpzfb
10857,szfly2
10656,zzl091
10671,vzwsjh
10873,qz18mf
10703,bzd9nx
10917,jj4hmd
10396,mzkfql
10689,sztl33
11511,zz5wr1
11486,fjm1xz
10911,mzq5mt
10408,hj53tb
10497,pzgy2l
10704,gjc1q7
10732,cjpg7p
11112,wzxbl7
10615,zjh49g
10711,hznlx5
10803,nzy0z3
10033,lzdy85
11241,jzvcrm
10916,hzh4mt
10166,dzb0zt
10797,fzt6kh
10791,hzw0gh
11598,sjsjxz
10661,vztkc1
10961,fzc07q
10793,zjr29d
10746,vz8rch
10274,wz6kdk
10745,gzm5vy
10406,lz0rfh
10171,dzt2m1
12221,cztyhv
10669,qz161b
10407,czq51q
10699,rz8yzk
10688,sz8k86
10850,rz960m
10331,dzdfnw
12030,gzhy46
10929,mzpt47
11161,rzbjh7
11043,wjvvk9
11178,czctpm
10183,bzhj7r
11267,wjfb3q
11295,czx1jk
10675,bzp2g5
10922,fzt843
10600,qzns4r
10488,rz1950
11130,hjt6k8
10808,wjwnf5
11529,tj5187
10672,gz41vq
10571,tzr9rx
10983,mzd1zp
10611,gzfcbp
10654,lzkdt8
10621,tj5d2g
10963,rj9d6j
10248,nzvmdz
10709,pzyk2l
10659,kzwxlg
10964,vjdcnd
10084,wz33c9
10563,rznbk1
11029,wz08pp
11402,rj86gf
10264,kzr68b
10692,tzkqyg
10902,dzmzk6
10854,tj8rd5
10912,tjx1hp
11136,vj5rh0
10839,kzygt0
10806,gj9qkm
10834,pzmg0p
10296,szhdc1
10835,gjrqvg
10904,jjs7gq
10865,qzsvcq
10467,kz84n7
11129,cj79v6
10796,nz7dt4
10099,mzb8s2
10921,gzkcwr
10908,pz783p
10185,jzf95x
12592,rznscs
10844,fjtskn
10810,kzydlk
11022,djj8q9
10800,zzpyw3
10799,nzbq9t
10124,dzwfvz
11017,nzrvls
10867,jj4qm9
10761,kzfg2c
10859,cz45n1
11270,kjzpwl
10954,hz2zdx
10989,xjqt1n
10608,vz55gs
10607,mzwx9q
10968,tjj8lj
10966,fjddd4
11018,fz8j4v
11045,njz5k1
10958,kz9hxb
10944,cjtmxx
10945,dj375n
11429,mz8db4
11089,gzxxcn
10980,fzkz9d
11000,dzr9gr
10967,mj7pz0
10836,bzqp5w
10694,gzbzyd
10267,wzc4x7
10060,nzpzsm
11881,fj0pnw
11007,gz1mm2
10937,xzlb28
11027,qz8475
11024,wjjyvw
11113,fzct4g
11147,cj919l
10708,zzkjxz
11373,njftlv
10435,pztrvt
11032,zjlkk8
11144,xjwpyr
10051,wzj1t9
10925,tjh037
10987,rjhjwv
11013,zjdjy2
11102,cj7k86
10955,fz61cq
10601,xzw1pt
10995,fz6q8d
10769,nz1bm4
11036,mjh5v4
10999,jzntg6
10996,xz462x
11281,vjzhvj
10952,vjppm8
11347,dzsypk
11443,cj9kxd
10872,nzkd3m
11379,mjmpp8
10779,rztlbx
11465,xjkqx0
10243,vz4l0c
11073,wj3p7b
10366,hzf5zj
11707,qjyg0n
11005,kjlgdl
10969,njdcld
11019,wjgtnt
10903,fj4plf
10981,pzpwnq
11039,bzny4t
11346,jz8zr9
10970,jj1h0d
11061,sjcj3k
10527,pz98zl
10727,xzj4zk
10889,bz9xl3
10401,kzn8ws
11055,rzlxmp
11079,szwzbl
10940,njyjx6
10729,jz8c8z
11054,lj43lk
10960,wzq2xs
10899,qzs79q
11127,zjr0n1
10193,pz9wqt
11507,gj0lbh
10272,fz7sjm
10347,xz49w6
10876,jj2mf7
11457,kz5z2c
10426,tz6wbq
10982,wznx4q
10081,mzn6fl
10461,fzp9sj
11080,cj1dyg
11235,vjpcx6
11138,fjg206
10990,wzdpl3
11082,hjbrkn
10449,njktnf
10740,hzc305
10936,lz5qm1
11497,szxqlj
10603,mz5bt4
11140,mzs72m
11166,fjyvkr
10165,hzqm09
11023,nz05pg
10587,qjhwn1
11125,sjs05c
11925,tzvpyp
10434,mz0j67
11049,qzrxy2
10878,mjx50t
10293,fzx398
10042,sergei
10864,xz054z
11098,hz0n44
11348,tj78l1
11208,bztc9z
10230,hzs078
10938,wjb0yn
10849,vzc8bj
10333,tzkpcc
11091,xz8qjs
11092,lj7trb
11094,rz534d
12636,rjbchd
11025,lzz5c5
11221,jzk25q
11209,qz69r3
11210,szptqw
11527,dzm986
10941,kjxwr0
11185,sz5kpr
11481,cjt4b8
12368,rj8mrn
11074,szdlrj
10551,bzrj3b
11190,fzxvhs
10106,tzn2sr
10399,kzx2rj
11232,vzhgnp
10199,cz87n6
11466,tz7qv1
11183,bjt3gn
11409,czq2s3
10853,jzh898
11411,sjqb0m
11410,gz5jvs
10229,wzrj41
11546,djc8mc
11196,tjqmhr
11207,jzcjzr
11421,rj81v2
11179,djgj57
11121,wjkkzg
11536,gjq41y
10719,zzx16n
10851,cz8mx8
10682,rzfwch
10006,bzfw45
11187,bzgw4q
12540,nj0j7y
12161,kz5r2p
11146,kj0dr2
11037,vjgrtr
11151,dzx1m0
11071,sz0txq
11152,mzyfqx
10946,wzqxvn
11056,gj3hjh
11108,rzzvyj
11479,pj5njw
10887,hj9p9b
10743,"sid_as_algorithm"
11155,hjrwyw
11483,zjjcmg
12602,szzv38
10840,mzd0kp
11537,fjc786
11943,lzjytl
10369,nz2x3g
10591,hzrs4h
10667,vjp9qp
10422,nzzsdq
10262,gz8r4q
11159,mj631f
11158,cjl9l5
11488,cjh35n
11157,kjnlb3
11243,bzsh9m
11172,pzlcds
10410,gzz132
10962,dzddt0
11170,wznh9r
10668,gz1cf4
11581,jjmncn
11544,lj0pyc
10685,kj3j36
12615,xzw1q8
11519,zz7zng
11064,tzbz4n
10820,szzhsb
11260,qzfgj5
11287,djwj6v
10131,tz0jv4
11120,hzfndk
10253,zz1f32
11156,djc292
10569,bzpl9d
12461,sjkk9h
10244,nz9md4
10397,qz9xjp
11253,hzhvmv
11470,gjl7fy
11259,mzbw11
11264,fzl7q4
11366,szr2xg
11003,xzppxz
10841,fz30d4
11203,zjs465
11291,rjwscv
10528,rzbcbm
10725,mjx090
11367,nzlt3f
11204,xjpt9t
11215,qzmwdh
10875,hz522m
11224,tjdk37
11399,fjscp1
11285,djs10w
10737,vj1cgc
10582,gzbz1w
11356,cztzb2
10556,dzhk56
11493,fzh2bd
11250,lzsxls
11026,mj0t6x
11148,xj90mn
11531,gz5n0x
10901,wzcv09
10807,vzn4k8
11400,rjf2ls
11124,njmm3c
11294,jjtckn
11491,rjzb93
11518,vzpn96
10742,tzm2gs
11498,mjy8dn
10673,qz50pc
11326,plastic
11454,pjt16x
11258,xzw7sx
10334,mz8t7g
11391,kjmzvb
11357,hzzhnv
10547,nzshb6
11388,zzrkkm
11389,zjd0b0
11414,hj9ws1
10302,hzvlt6
11451,zzg9zr
11539,hjjn7r
11588,wj940n
10136,zzn3y2
10906,mzkt03
11363,zzcyv9
10998,jzv6lg
11452,pj92tk
11090,fz4qdy
11437,xzrsqd
11163,hzkztv
10332,jzwbtd
11164,sjw7kq
11438,wzml1t
10361,bzrjw1
10515,pztz4x
11236,tzpy63
10147,sz0rcy
11021,tjmbzr
11240,wz6c2l
12021,kjr8qc
11578,tjx2wd
11361,mjqdxz
11543,nj335b
10822,gj3xsf
11358,zzgfjg
11335,bzbz5p
11473,kjc1q7
10520,lzslzh
11351,cjq9wj
11332,fjw8jy
11028,bj59b1
11445,wznmvw
11573,sjy1fd
11394,fj8rwn
10460,szclf4
11422,vjdwlp
11305,hjp54r
12667,wjwbq6
11118,kjws9z
11395,pzgdtp
11234,rjgy09
10052,mzkzxz
10096,tz7z2y
10192,czwkvz
12530,hj8d05
11341,kjqp7t
10432,mz0z7k
11467,jj9hz6
11119,bzfysp
11496,nzkfvt
11523,jjgpwh
11405,tzpy6b
10427,mz05l4
11416,dj6bcf
11412,rzlpyw
11300,sjnss6
12334,"dxc_kz192k"
11449,qjbbtx
12599,mj5ykj
11371,wzr3yw
11384,mj3wt5
11188,hjz5rj
11269,tztjpb
11336,wzycjf
11345,vzxpbx
11377,rzqwp0
10306,nz24vy
10773,sz1qq6
10891,pzlbn5
11378,zjlq83
10026,jz519m
10144,vzfn2j
11441,sjppyv
11810,sjsqnh
10610,hzd4z8
10863,gz5dxj
10555,sz8c06
10070,xzzkm5
11431,mzf7h8
11063,mjskx1
12238,vzk8xw
10554,gjfgmq
11034,bzys8w
11460,jjfbbh
11067,lz34m9
10249,gzkclf
11304,njr5cq
10721,vz5l6x
10959,dzw6v0
11459,hzkw0n
11456,hjv4z8
11604,tzdgp3
11060,rzdz5q
11145,nz17mv
11109,dj46yd
11282,fzpblv
10425,pzhsz1
11213,lj88q7
11307,vj7l58
10552,fz6tmx
10957,gzj357
11198,kzyqkh
11182,fjmsbl
10394,xz8b4s
10775,xjlzzg
11309,kjnstd
11272,vzhxn5
10196,szstjg
10907,djp924
11275,dj9lw5
10623,vzdxyd
11189,pzv9vy
10697,qjf9g9
10405,gjrbg7
11014,wjhf6b
10471,vzkghh
10032,rzcrk7
10311,mztpbk
10091,mz2qh5
11126,njsxq6
10593,fz0686
10066,rzdq1g
10975,cjxdw1
11002,jj9lzs
10523,bjr42x
11360,qj2jmp
11268,cjt3xv
11051,sjw9x8
11372,vjt8wp
10159,gzwp96
10553,jz0ljc
11265,nzwns1
11274,qj5hql
10424,lj8w22
11312,wz5x2k
11115,bjzwd7
10794,pjr6cf
10294,gzw22d
10167,vz0337
11100,tjfrm7
10239,hzrkqv
11290,zjzrkw
10560,dz20x2
10415,czskwf
11116,"gid_ctcidisw01"
11902,njds85
10731,gj5yt6
10240,hzrkwr
11505,kzwhxr
11599,bzbvwr
11551,gjhhkf
11328,xjkc16
11571,jjl48n
11217,rz6pk1
10802,qzc384
11184,jzt1f0
11554,fz6d65
11596,tzstz7
11053,wjkct1
11476,kjcmgk
10893,qzxs86
11557,mj5bbw
11477,vj430z
11616,kjdp2b
11430,hz2zy4
11331,njtlld
11500,sz5rx1
11567,njgxn4
11565,pj1yqr
11552,xjc1tb
11577,rjqz1p
11553,ljcqds
11193,wz9sb9
10233,mzmggv
10088,nz62gw
11104,cz9zcl
11001,vzpbrc
11525,fjmdls
10283,rzv63d
10476,vz0mch
10965,vzksgm
10109,hzf42p
10942,wz5kph
10228,xzkw86
11856,pj520z
10827,zzggh7
11229,cjd0fd
11485,qj6z7q
11635,pj50k5
11619,ljfkd0
11589,ljbfwn
11617,sjdyp5
10730,pzfvk3
11075,tjt4kc
12600,tjgmtm
11685,bjj9fv
11398,bjq4gy
11463,ljhgq6
11763,kjb5sf
10948,wzxrnc
11634,qjbl0w
11427,bz00v1
11757,sjn98h
11631,gjdskv
11601,zj6kh0
11478,dj8db8
10718,czvm41
11652,qjgs05
11103,tzbxwd
10162,lzm985
10890,gzgn60
10299,vzlzzw
12005,qzn0jm
11592,wjs2l1
10715,wjyb0w
11602,zj71vk
10065,kz3c8z
11648,rjlgbr
11640,pjsbs2
10141,gz4wnc
11105,dzc5p0
10012,tz23f0
11069,nz8c8p
11283,zzdn6h
11929,pj04gb
11675,kj7plh
11688,dzt089
10549,vzwl0d
11749,djx0hv
10139,pzd8zn
10254,fzy8g9
10585,fz6xgq
11368,qj0zm4
11664,bzlh8m
11624,xzfc3q
10439,zj93z1
10518,zzbx31
11618,wjw6pv
11226,zjpwq7
11662,kjh133
10777,gz3mb3
11680,gjds50
10071,bzk1pp
10202,zzxc1x
11657,ljl78d
10086,mzvg9f
11636,cjts0l
11661,bjx2pp
11667,rz5h1c
10484,dzpfnn
11660,mzz75b
11595,jjfk45
10028,test
11656,fz9z00
11658,vz7l3x
10832,mzznz1
11180,zjkdgz
11678,kjdc6q
10874,tzbjxk
11468,mj5jkd
11277,xjgqkq
10976,lj0zrj
11278,gjk9n2
11520,njg7dx
11666,bjr46d
11753,root
10146,tz7kkl
12242,mzyfqx
10246,pzmrhv
11244,pzdg98
11306,fj4qnj
10759,zz3rw3
11755,ljbbnv
11590,mjprl5
11714,jz50c6
11752,vzyvvc
10842,tz6yxt
10693,wj3751
11792,zzqc5y
11789,hj5v8c
11434,njrczt
11628,zjfbll
11370,jj9k9j
11747,tjdp50
11748,qj0sbx
10939,szh5l6
10548,bz149x
10985,wzfnl2
10232,pzq089
10825,jzfzgb
11012,cjtrg1
10325,mzlcbx
11793,qjg2sn
10059,qzt896
11639,tjb8xd
10355,vz04c0
11766,"sid_ecasae"
11743,gjs7s8
10097,wz190l
11744,xjpcn4
11759,wjvlf7
11974,mjn50l
11702,ljhzhp
12533,cjtfsd
11535,lj77xs
11622,ljkx6r
11621,lj0kpf
11041,jz6pkx
11818,cjcph2
11623,lj0sb5
10389,gzcl4j
11646,bj7zy3
10108,tzk1gt
10538,kzfb4m
10161,szzhp8
12601,gjxc5x
12023,ljwtlb
11532,rjprzs
10811,rz1q39
11676,wj5q65
10877,"gid_ecsw_tck"
11593,pjskql
12660,jjgzp0
11225,kj1cln
10442,pzcp04
11918,gjhv0g
11737,mjjxqn
11355,vjhljf
10557,vz7497
11256,cz2gvp
11502,jjthfr
11302,kjwny5
11700,tjv0k7
11736,mj8n1v
11962,qjx0tn
11350,czc2lf
11123,nzsm56
11770,lzjg78
11432,xjtmr7
11458,zjz2j2
11745,ljjxhm
11633,njzq08
11977,dz5wdd
10896,szjmpc
11733,vjl7j0
11637,lzsbyb
11984,vj432g
10748,cjxrtx
11720,tjttt3
11160,vjn670
10069,nz6z2f
11724,cj8ktf
10016,szv0dg
11085,pzk4wv
11504,szt85t
10295,mzkw6t
11921,bjqk06
11620,xjst1l
11716,rjft0b
11629,kjf99p
11869,bjf8y7
11834,fz8b8c
11439,dj8562
11607,lzgmdn
12239,hz4cvw
10870,zzz1tk
10535,xzhgs6
11775,nj5htv
11727,mjbsc8
10473,vzy3fb
11613,bjyg72
11131,szbw2s
11255,sjyz6n
11673,wz8nfj
12577,gjft95
11338,dj20fz
11849,ljl1kq
10022,xzh0cf
10349,dz0z3m
10412,kz1ldk
11522,rjs13g
11494,szdwmw
10728,wzf6xf
11199,pzxh1v
10918,gjw993
10886,ljgx4v
11308,rjg18n
11949,jz1s7b
10619,xzfnq7
10677,jzmgyy
10653,dzp0gg
11871,fz2drw
10606,kzfsqf
11528,fj4rc8
10315,wzgvz3
10288,qz9hhs
11713,cjct7y
11706,mj8yrb
11709,hzjpg5
10660,pj0bn8
11730,cjl8b6
11729,zjf8vc
11795,jjqbmn
10160,gzv53q
11838,xjl471
11942,vjbjym
11731,wj29qp
12661,jjdq0r
11903,tj2999
11339,sjkpjs
11959,wj3vdt
10829,qz5545
11804,rzzzvv
11509,cjdws0
12040,wz2w7f
11846,czbl9r
11941,qj880y
11078,mz00d0
11980,zz68k8
11796,hjt30g
10339,hzclcr
11898,jzf9bm
11824,vjl23t
11966,njmvmd
11876,jzp91l
11952,bzs0r9
11807,szs87l
10010,rzyj7z
11815,ljbsqt
11677,vjns9l
10814,rzqsrm
11877,nj2zyd
11904,xz2480
10657,szjtxz
11806,sjgr8w
12013,xjh7c5
12017,kzdlt0
10393,mjx1wx
12018,rzcq3s
11986,tzbkbg
11227,tjkxs3
11808,cz49ds
11802,qjtgmw
10532,jzmzgm
11797,kj67hf
12025,"dxc_mzbxyl"
11533,vjt9hq
11928,hjqkh5
11135,qjxyw0
11827,wz8b5y
11930,gz5zb1
11872,qjcyjc
11143,wzgyfh
10388,rz35sz
11907,kz4d91
12244,pjr0q8
11874,tzpgk8
11858,mzbmmy
11315,zzwq8c
12012,xjbhzg
11954,qj0kpy
11955,rjrccl
10281,jz2y1m
12038,tznxlh
10057,jz4fpf
11461,pjxm5q
11890,pjn27z
12039,mzwpb3
12019,cjdhgz
11990,tj3xrf
12041,kz6g2t
11855,sj5rsy
11337,hjfzfc
11843,xzrqhw
11875,kj4604
11845,qzjjv4
11809,gjswn9
11899,jz9cw1
10705,xzbw5s
11884,pjzcnx
10034,rzct1s
11555,ljg73f
10203,kzt2zv
11866,lz8fqm
11867,jj2j3v
12020,kjth7b
10499,mz49pl
11957,bjjn3r
11329,qjjc6s
12027,kzbcbj
11864,qjdrj8
10190,fz2xd7
11950,zj6fhj
11828,zjfwcp
11835,jjh4hc
10932,tzb29s
11873,rjjbxs
11888,xjglnq
11853,nz2tbs
11978,fzrhsv
10914,rjx0l7
11817,bzxk5y
11892,xjrzj8
11110,ljlsd2
10866,bz5j0s
11937,kjjv3x
11343,qjj06p
11819,cz3w03
11939,gjtybh
11830,jjw41m
10087,mzxhxt
11803,bztgw8
11901,djm8sn
11878,hz5vs8
11848,sz8q3c
11972,vjpmpt
11992,mjvky5
11945,xjfbxz
11947,tj16xt
11956,hjtbz8
11820,tj7v06
11320,kjzn0k
11960,kj3llg
11900,hjrk1x
11825,czg1y3
11798,fjs8ch
11385,cjzpx4
11920,wztj2x
10620,nz37kx
11689,gjd0rq
11299,kjgktb
11812,vjnhjn
11811,wzbsty
11906,nzws8s
11891,nzbbyw
11880,fz81yt
11889,lzvk43
11832,fjp61s
11564,mjv2cq
10179,xzsqw1
11799,tjj8pk
11349,njw5c6
11893,gzqhrf
10282,sz8d4x
11801,mjp1yn
11985,hjpq0k
11364,pjh9jk
11894,fjyjrs
11836,mjrwhp
11559,zjmbg0
11896,hzkjh0
11296,dzdw49
11857,xjmpkn
11587,kjlsfs
12042,jzjvyz
11860,bjdjpx
11861,xjpk9n
11910,mj2tyz
11863,gjx6c8
11800,tj4m9s
11882,szzv0d
10953,dz3dc9
11541,rjgq3r
12008,zjv0tl
11786,rjwpzy
11316,wznjy3
12009,hj9wh5
10979,nz8c85
11923,nzgfd9
11914,pjqs2d
10428,mzvzft
11117,mz25jg
11995,nzz5p4
11924,rjrkv1
11549,wjh0j3
11506,pj1r7y
12222,pz3fgg
11915,xjxc1q
11693,fztz51
10884,lz7dc1
11865,kjz871
11725,sjnrcd
11883,pzb8t6
11854,xjh1d1
11608,cj7fxd
11916,njxhws
10077,nz6srj
11996,vjwfc9
11997,rzbc4h
11186,rjw0lg
11436,xjc9k3
11176,bzbfw5
11987,mzn13r
11134,xjddg3
11948,zj2n09
10923,fzj1j2
12515,jj54yd
12002,mzcdzq
11993,qzwh6l
12070,hj40tz
10862,dzm117
12043,kj03t4
11794,vj7rsb
11386,wjhpj8
12055,dz23f5
11917,qzmmk8
12063,xjx1tt
12065,jjkp51
12045,pj6mcw
12120,fzsw2n
12069,lj6qt5
12044,tj06f6
10756,pz87t9
12049,wjzqn1
12050,xzwj84
11938,sjjsjj
12054,hjmqqw
10275,xzq0kf
12032,jj6752
12051,mjzh4h
11999,bz1wtw
11642,xjbqvx
12057,vz3xw7
12060,zzv65p
12071,wzvwwr
11212,lj180h
11068,szcsyb
10575,bz3k31
10301,jzt744
12047,wjzt80
12046,sznv8t
12058,djmhyz
11975,sz2pyk
12121,vzlflc
12061,bjwzn5
11097,gj294h
11944,tj3pcz
11153,gjhrjg
10818,tjzz46
10734,mj175g
11503,nz6t95
11228,hjn113
12067,bj626h
11404,vjrpjw
11353,njkrb4
12073,wz3x1n
12074,qz2x3l
12075,jj39pn
12034,wzrjpf
12053,nz0zx4
10014,pzhslj
12077,hjzcdh
12401,kz2j3z
12078,jz6py7
10478,xzdx93
12663,dz550v
11968,lzkxsw
10494,pz2ljr
11946,bz571t
10073,kzr3cp
12081,mjwv14
11584,vjyysb
12083,qjsl34
10838,fzq08r
10116,szm8vc
12086,lj7nsy
10312,szxn3j
12087,fjd8yn
11708,zjn5hp
11286,rzn2s2
11173,bjk5fs
12088,pzr3jc
12089,jz0d0w
12084,fj0qjg
12090,dznjlz
12091,nzl9w6
10666,szz9q4
12092,qj6j6w
12093,bz77xq
10074,bz9tbf
10723,mzmrnc
12004,vjbjkt
12095,kjpczx
10273,bzb63b
10973,kjm57q
10206,nzx5m3
12245,"gid_pass_sfty"
10763,qzlv94
12099,xjwdc8
11508,qjpxk0
12097,xjw28p
11545,dz24tm
10913,vj5yq7
10110,kzjxfw
12147,wz4vtk
11293,czfk2y
10463,fzvg3k
10905,hjh8yy
12096,mjl833
11319,sjzj5g
11446,djx6b0
10971,wjlpd5
10972,xjwjf2
10735,xj7jxp
10613,dzqvty
12372,gjg6kk
12105,vzywxn
11004,kzj1gn
12132,tj07nv
10500,jzk97s
12106,gz1lnj
12026,vjdhvq
12204,tz68d9
12144,sjktbw
12145,hj54t5
12022,tjd33j
12133,wjk9gq
12162,zz615q
11958,xjp057
10758,vzxksh
12207,bz5v6w
12230,dzm40x
11542,djv0qk
12208,zjww54
10812,xjkx4s
12108,cj2tz7
10368,bzqs8v
12082,czj7zy
12299,vz1wvk
12159,njp0r0
12156,nzjk2t
12122,zj0pdx
10765,nzdgdx
10790,cz5gdw
10576,szx481
12129,fjfywx
11774,gjk4lw
12157,lz7kc9
12229,sj268x
10751,dj5514
10309,mz15jp
11772,tjhwxc
12160,djpx14
12216,cz2xwc
12215,cjg70q
12114,nz8d3y
12134,kjgc99
12153,hjk4j2
11262,xzjdbd
11455,njd177
12139,xjbwpm
10804,dz5qp1
10826,szpt3g
12076,lzk6kj
12218,lzydgy
10590,rzvsj9
10770,dz5x2g
11181,kj9pcv
12141,pz3jvf
11390,szdx87
12143,nzc53c
10736,ljp0z4
10138,rz0dkn
11246,lj2kxv
11764,lj5x5d
12142,pj40hs
12138,mj9pkx
11177,pzfck1
11651,rj0tr8
11425,kjbrjc
11650,ljlct9
12235,gz92bw
12125,mj6fs3
12126,gjdpgq
10757,qz8zkf
12136,xz30yt
12211,szgvvn
11643,rj5cns
12210,lz7c3c
12117,vjjmhs
10157,zzzwbz
12127,dj9wdn
12113,fj6qlc
12059,tzshhm
11154,xjt7sh
12240,djmpg3
10927,vzrnc8
12119,gjr99w
12269,mj8zk9
12343,hjrm1q
11703,rjm5vb
10888,hzbjkg
11417,pjgl0r
10691,tzfzcc
12665,lzqqlr
12163,gjt6br
12212,kjfzh3
12228,bzyhzh
10852,jzc6yq
12128,njs4y1
10194,tzw07s
10546,tzdrvb
11933,hz8wct
12158,szc0m5
11594,zj4qvz
11750,zj54fn
10367,tz3gdn
10340,nzp3dl
12164,kjcjlv
11111,tzyt9w
10915,tzq94h
11149,vjhwd9
12279,tjcb60
11397,qj5q2g
11086,wz18xx
10322,zjsvyq
12253,vjc5r6
11785,tjf9kc
10992,zjkjq7
12166,hz8ghw
12109,kjgbkw
12254,mj2dqf
12274,cjkn6w
12167,cz6j31
11122,tz4lyh
11840,nj4s5m
12169,fj4p6l
12170,rjzqdl
12206,gz80nj
12273,xjl0v2
11540,bj5xy6
11740,gjyvqj
12241,cjxqys
12305,hzl5x5
11042,mj6x84
11249,hzjd94
12281,kzs89t
11248,kjgph4
10533,szrknv
12256,cz6fn2
10353,wz9tg3
12433,fjm077
12351,rjz6lc
11655,wj4dgt
11344,tz3pc4
11738,"sid_pass_sfty"
12259,lzsyrb
12172,kjmqct
11035,bzcvwz
11963,bzc89k
10674,"gid_bsd_autobuild"
11988,dzsdsf
11239,tjrjmw
12284,tjxqdr
12650,hjf8nt
12280,gjj7y2
10784,fzfm4c
11572,nj47hd
12198,xj0589
11582,xzrgls
11472,nzh79f
10044,xzgsy1
12275,kjy1bk
11951,lz4q73
12286,zj12dw
12260,bj08j4
12306,pj3n0k
11927,dj7wdz
12251,kjlvd7
10132,hzfvf9
12255,gzctt3
10438,mz7mq8
12261,czgd8b
11611,cjw49c
10049,kzd95f
10297,rzv0cn
12287,qj9yr6
11847,hjxpgd
12102,jznxv7
11813,pj7mzs
11967,xj42j1
12358,fj9n7b
12191,hj8flz
11852,tjf7q3
12282,vjxrnt
10064,hzvjnn
11644,wjdmqc
10714,mzh12l
11719,zjsxxl
11201,gjccxy
11723,kz9lzc
11340,bjk1jm
10583,xzrb2l
12283,xz0jwq
12258,kjfs14
12263,xzsxpq
12262,sjh28m
11911,kzswpq
12024,hzfhck
11382,bjylf7
12214,njnthg
12246,njz505
12115,zjwtmp
12052,rj4z9x
11510,djyg0z
11047,gzqtdn
10702,dzhy7m
12152,nj4tzg
3,reporter
10030,vzd6t4
10681,pzrzhh
12213,kjt302
11653,xjgcr1
11464,hjmg4k
12176,rjqsx5
11195,wj1g1m
11751,czbktf
12148,wzzpds
10308,hzyvcp
12177,qjr076
11257,tzzfmp
12292,cjb58h
12178,fjvbs5
12072,rjtlwk
10881,jjxwrj
10664,tz70r6
11732,tj155r
12181,bzfqzv
10329,bzqqzj
12426,lz5sv8
11099,wjlsh9
10153,gzxpnq
10365,kz6015
12311,gjybsk
10572,zzyl53
12180,sdtadm
10082,vzc47z
12373,wjry4m
12183,njz7rh
12182,kjbk16
11524,ljw8ls
11606,xzbjjr
12503,jjl3cj
12384,fj2dmv
11754,dj0d9v
12462,njp7ct
11237,dzwlhw
12369,djj3tn
10477,pz6vcp
12185,zjdnhx
12295,pzj2n4
10738,pzvfzc
12328,zzcc1m
12296,wj7l8w
12356,hjps5l
12668,qz12r9
11447,ljc6qz
11383,ljs9f5
10847,fz3x6n
12146,cjj696
10542,fz9pnt
12187,nzf61z
10909,lzhbv6
10119,dztrff
12193,dj5xx0
11783,zjbwl4
11922,fz6yjq
10450,vzm576
10781,tzhp32
11046,tz0k6k
11495,jzy1rg
11142,pjpn9m
10846,rzzr8m
12194,szppt0
12298,sjgxzl
10526,xzn3w2
12189,fzxpph
12381,"admin_pb"
12094,kjr9gl
10795,rztkjq
11484,wjjzgs
10318,qz5v2y
12110,jjh2kr
12350,jjy275
12190,lz8dgs
12195,xjl6ts
12085,fz09m8
12015,bz642f
11681,pj791n
10928,zzbv1x
11913,gjfv8x
10338,lz855l
10483,mzzqzc
11674,hzcmvg
11563,vjzpn6
10858,qz122z
11734,hj3tq4
11669,gj4rpf
10935,sjvtk1
10837,hzkcqm
11133,rjzbd2
12651,njf6x3
12357,pjtxz8
11301,mjzgrg
12486,czthcr
11741,ljzffn
11076,"got_ec_sw_coverity"
11342,dj940p
12199,mjd952
12006,vjn84n
11850,kjdjml
10025,hzws01
11895,fz0433
12201,kjhln1
11052,jjdn8t
10897,dzb5lq
12200,xjmjlg
11475,degumwhlnight
12520,kjvhy0
12375,ljprp8
10706,lzkdw4
10134,cz1936
12202,dz90jg
11492,kjdggb
12353,wjg5r0
11609,cj25yy
10392,dz7dv2
10764,lz5dlc
12335,zjd8xv
12455,mjcqrs
11684,tj7bxt
10930,czf38c
10978,zzy3j3
10658,hzg4xc
12101,tztz1b
11206,wjf051
12266,kjvsk5
11781,mj0w1s
10845,"gid_tck_autobuild"
12348,temporal
10861,pzx643
12393,xj3znb
12364,lj52ct
10447,vz52bt
12421,kj47rg
11771,cjky5t
11672,ljjrmz
12377,kjvnl7
10767,qzx4m1
11150,hzx9t3
12068,jjgsgn
11721,vjqmxq
12318,wjzz84
10988,fj43n5
10984,jzs8n4
11768,vjggpf
10364,vz1hrp
12344,vz851g
10363,bzf645
11583,njqfkz
11423,cjt7t1
12618,zz1tlk
12320,mzhcd0
11088,cj564h
11761,jjlyk3
12347,qjqyb0
10468,sjl55m
12234,mzqp5z
12591,njxphq
12379,zj9m61
12354,bj7z28
12231,wj4sbl
10801,kzgc7d
12366,qjw3fw
12331,jzc3t0
11831,czp7m2
12338,hj52w7
10359,szqk04
11686,xj4w1c
11625,gjvfp3
10521,gzvcb3
10429,wz552z
12371,lzy7ql
12387,qjyyh9
10934,vz5hp6
12037,bj9y9x
11030,rj0g92
10778,pzxncz
12466,zjfj22
12655,"gid_jenkins"
10690,mzhxkd
12652,vj8nlx
12001,gjcs9n
10198,szdpr5
11710,zj10w3
12390,lz6ktq
12359,vzcvhj
11192,nj4fjl
12321,zjwtb0
12389,xjwlz0
10436,fz628n
11615,zj7djw
12491,fj3wnb
11659,vj3115
12558,qjnccg
12267,ljpsyt
12249,rj145z
12227,jj05ww
12327,jjk8f9
12394,hzmt9s
12386,pj2gb1
11254,mj8l7s
11081,hj8vd9
12340,wjjdtp
11396,rjmlkt
12545,qj5q8k
12341,bjkqdb
12297,pjb78x
12397,vzpkkj
12293,vzwpmr
12363,fjhngl
10566,kj105n
12670,jzcvqp
12673,pj3hw6
12237,fz88gh
12319,hjzq3m
12342,tjhtv7
12325,wjnzyh
11742,hj18w9
12220,qjk6rs
10539,czzdjc
10411,pzb9yz
12402,cjx6s2
12290,gj2vpk
11837,kjl1pj
12064,mjgy63
11219,wjwdsx
12399,rjz036
11833,zjnb17
12324,tjbfx4
12322,xjm147
12103,"gid_dl74wmx52"
11694,pj5kll
11251,szd644
12056,pz5c9z
11919,kz5tzb
12010,vjtgy2
12205,kjtsc2
11711,jjz5ml
12654,bjsjdt
11841,ljwvxs
12315,dz2yk3
12316,czjwbn
12400,kjvlvn
11953,tj6kjh
10303,nz70ws
12257,cj930c
12310,vjzkxz
10882,sjwyts
11626,fjlh5f
11289,vzy0wm
12423,vj6sk3
12197,jjw762
11868,bjn7ky
10280,xz7yfn
12567,njjqbt
11908,rjxtg0
11534,wjtc0s
11065,mz7kvv
10805,jzgy3v
11668,tjb0b3
12233,nj5k22
10352,rz0zwj
12307,pj1l7p
11580,qj8pvw
10894,gz079g
10094,rz3w04
10475,gzmmlt
10350,wz5s9n
10128,cz68yv
10149,kz0wz6
10284,cz2qp4
10823,hzcpjs
11072,vz1v4p
10766,gz2grl
11971,mzynts
10771,szlrvn
10562,szhkns
11487,cj3dx8
12456,wjsf30
12289,qzq085
12345,committer
11211,gj53jf
11728,pjd0c4
10816,kz23fg
11020,kjll5d
11649,vj0fy8
11252,pz5k1k
10015,lzb5d1
11087,xjlvyk
12487,jzbwxx
12468,qjk9t5
12488,cjpq6b
11512,gjwsb6
11932,wzdj6s
12411,ljym6j
10678,dz017t
10924,wzg1v4
12568,sjjr8r
10021,dzb54t
11297,vz134b
12409,njv6qr
10143,lzpkkv
12300,bj66gk
10701,fzqhxl
11717,nj6bdp
11171,xzzgw3
11139,mjh3dm
10698,kzj42z
10950,djr41l
12459,pzqhrn
12171,jj051w
11480,njp0yv
10189,kzg0jj
10821,czn3mh
12391,fjppw1
12428,jj3lw8
12360,mjr1jy
12619,rjmyfm
11696,qzl0p5
12352,dj3qkb
12424,mj2223
11600,vjv1z7
12398,bz35vg
12414,zjcklt
12483,xz46kj
11325,dj1dny
11989,tj2h7l
12150,mj2s9l
10314,tz8s3p
12463,ljstf9
11222,xz98wj
12465,hzpvjl
12415,sjsqgj
10204,czrd4p
10234,lzhbbd
12413,gj67cb
11318,fzn9tv
12587,qzy6vl
10997,djj7sd
12337,bznv2l
10155,vzj2xn
11722,kjx3ss
12291,pj96jy
11979,fjnnwk
12454,jz7g5j
12460,kj0qqd
12203,gjspzx
11778,bzgq8k
12407,ljygjk
10107,gzn026
10164,jzmgjg
12538,sj483n
12333,wz13ww
12388,cj082b
12427,nzs00n
10722,fjkxfv
11408,ljvfhj
10298,sz3hyv
12450,bj2rz3
12405,wjx0dy
12028,zj792h
10356,tztyg6
12669,wj60yp
10920,hj40fl
11233,xjgv34
12569,tjw1l2
12418,fj3rqh
11816,sz6bfy
12107,njnyvd
11994,bjcfxh
10496,rz8yg6
12452,mj4lwd
11912,rjpjlc
12472,pj9bxs
12112,kzgjz8
11490,gj7fhq
11762,zjb1lc
11292,kzdm6l
11162,sjcqyv
10452,jcontract
11663,zzvcx1
11106,jjznpq
10056,hz1941
12392,qj9wk7
12422,qjg637
11401,ljw392
12471,sjpt48
11570,bjc4s2
12620,xjvq4m
11521,kz7r6s
10129,tzl4my
12469,rj5rfz
12111,cjjtts
12451,bj4c1r
12416,gjlpsf
11870,vzhh3d
10750,zzq1v7
10573,qz1g0v
12412,lj8v40
11191,hjhvl4
12209,qjl1hf
11387,pjzwhd
10140,hzxjjt
10115,wzr5jw
12593,lzt68t
12429,gj1v37
12447,qjqrqf
12376,zjh9xv
12449,bj1wb9
12339,wj8xvc
12417,hzvb1m
12457,njk13y
12470,qjhzl6
11499,bjmgb1
10328,lzs7ws
12430,sjlmv6
12672,rj125n
10423,dzrwy0
12608,hz5mqh
11314,jj7hsl
10238,hz5nry
11194,hzmcfq
12621,jj2b57
12481,hj1f7x
10158,cz5pjx
10883,rzgq4s
12149,djvp8b
10809,qjyd3r
10360,pzvx6s
11223,fzlj1h
10712,fz1fkh
10459,sz6969
10544,dj1nfm
11471,gzfxyb
12079,mj10cz
10176,lzf3xh
10354,rjkbxj
12226,tj2njz
12594,gjb4xx
11638,djln22
10831,tzbww0
12610,sjr5h9
11821,jj9l3v
12448,rjg857
12196,cz3057
11374,vj040d
12473,gjgmvg
12323,jj0qvm
12475,pj94z8
12625,rjrwj1
11940,pzc790
11218,nzvt8g
10700,kzt7tq
12437,vjg42n
12434,hjfn6c
10344,tzx1wb
11288,gj04v5
12395,qj4f6k
10174,bzrth8
11597,rj64c9
10589,nzddvp
11935,hzqwtc
11862,xj9yyd
11782,vjqlv3
12439,djjsjw
11844,xj1cjd
12609,sjhb55
11310,gz807v
12440,zj8ws7
10833,bzxxg9
11973,sz11q5
11380,zzyy5q
12314,vj7bss
10287,qz4yqf
12441,vjx02j
10747,vz87g5
12168,jjw7y6
12443,qjpglv
12444,njh6f7
11605,wjgprk
12666,gjf70y
11682,sjkqcr
10358,dzrpmq
12131,vjkl0z
11779,ljqkz7
11220,bjl0s0
12124,gzdglc
11298,qjy7wd
11245,qj7g3x
12445,qjrsfn
11695,njh7nl
11168,fjw4ly
12374,sjsf7l
12313,qzwxdv
11547,xjydxk
11354,lz0wcp
10885,fj33sl
11787,bztcm0
12442,qjxhdp
11698,dj8lym
10387,nz9rdx
11679,kj25lv
11983,gjjnq0
12308,kjpbkr
12003,vjy7dm
10382,xjzfmc
12435,wj72dx
12420,qjc112
12446,zj3dpf
12217,tzsn20
12104,djdryt
12031,njpn4w
10403,nzdt2w
11440,fj9lqp
11062,dzg68l
11175,kj28gb
12277,tj73cd
11769,kj5jm7
12595,fj9s4z
11788,sjscdk
10828,rz738d
11976,njt15r
11095,qzxwzr
12035,gjsrt6
10559,zzdr6q
12367,rj2p6c
12479,xjw0dt
12499,jj6dkb
12513,kzl03n
11334,sj3hm0
10113,kzlfpq
11603,qjp251
10991,bzr2ls
12265,xjzrg3
11897,cz7w1c
10031,bzw9j4
11359,jjxmhb
11773,cj91ln
11805,pj3211
10235,qzqsdw
11697,wj4vpm
10304,dznqzp
12674,qjrbjs
12303,pj2x28
12432,sjp6sw
11137,fj2kc1
12675,rzvtn5
12478,tj9bc4
10570,dzm76t
10501,jjj74h
11530,mjcx9j
12477,nj08ml
10782,gzl5mr
10441,mzp751
11330,hj1p91
11200,szkn28
11006,qzky6k
11321,lzcg7h
10493,bzk17b
11216,fjmdv0
10381,mzv2ff
11517,nj6cw6
10860,vjxtj1
12537,rjvcnn
12643,djxygb
12014,ljr65k
12493,tj84x4
10994,hjxryy
12550,mzm8kj
12349,zjc688
10265,xz14t8
12467,zjrs45
10414,zjfx4m
11538,xj7w97
11612,tjty07
12590,qjp3xj
11692,rzb6kn
12438,zjd4b3
12285,njwcfm
11970,zjh69x
11991,tjm0b3
10037,tzwn97
12676,xznb05
10122,bzbvcl
11568,cjsbh9
12677,sj1wqz
11905,xznmw9
12247,tzdlzw
10114,tzn774
10409,zzprrc
10579,lzpqfq
11311,bjt6rk
12559,hzvv92
12557,bjrgt7
12565,qj4yfq
12598,qz4t9g
12622,dj883z
12527,wj60kq
12671,vjttd6
12617,sjxbc7
10949,hzb4w8
12563,vz7jl4
12474,czmh72
11375,gjb4rf
12566,wzmt9r
10112,szzzhq
12500,xjzxj5
12192,wjf7vp
11630,kjj4d8
12623,bjf9v5
12516,jzrw51
11765,dj2jgw
12278,cj2y96
11586,xj682d
12589,kjmb64
12332,kjhv1t
11632,mjt4v6
10470,wzdj78
12656,nzh7pj
12597,xznttv
12606,nj9bm0
12616,zj2zjf
12521,gj8g4b
11926,lj54cc
10117,wzxmxv
12528,djj1pt
12624,tjwm6v
12572,vj21xq
12588,nj9tlf
12517,tj3jwj
12301,vjp3kp
12560,zjsrg3
11931,vzv43y
12403,mjfhnq
11444,zjxmjd
10956,mzq1cx
10815,sz9jp4
12118,cj9nz8
11231,lj6whc
11482,pjx8mx
11790,sz0skl
11705,xzvzdn
12505,jjh2tw
12406,wjb4cy
10061,czhbxs
11174,rzzmbj
12573,rjzh5k
12657,rj648c
10242,lz7r3l
12612,qj7lqs
12642,jjk5s5
11114,lz22xl
12633,wjdl3n
11010,qj1jsq
12098,gj10yg
11647,njpkd9
10207,czwf2q
12534,pzjs5c
11569,qjvdl4
11936,mj2w4p
12036,fjcpsp
12570,rj4fs7
12066,tjxqpb
11313,ljjhkp
11610,xj0x0z
12580,kjqp04
12613,kzn9n5
12678,fjjb77
12554,kjhk7q
10241,hzf8jq
10437,wzs080
12581,lj46n2
12155,tj6bwr
12490,mjv9j9
10098,pzc2yp
12561,jjxhmy
10871,nz4vz7
10895,jzf80q
12029,njc5cb
12494,lzndcc
12495,wjfccj
10218,zzgqx5
12496,rjlldz
10614,mzjkqc
10398,kz2tcd
11887,rjkk88
12264,"reporter_test"
12579,kzyx4v
11077,tj8f9q
12304,wj4cmb
12484,zjsyyt
10609,wzss82
12336,jj7zjk
12326,jjqkvw
12562,hjdlk6
11548,sj1qyr
12607,mj0gkg
10336,hzlyvm
12179,sjyn9k
10067,bzfpq6
10695,wz1lw1
12531,sjhnyg
10181,mz70cv
11016,"ihu_got_dashboard"
12658,mjs07c
11048,fj5m7n
12539,fj1r2t
10053,gzqb3t
12425,cjc2ny
12626,gzv6dm
10261,jzk2wc
12571,zj7n7h
10679,pzfbt6
12504,rj5x5w
11418,xjf1b4
12508,mjk7v2
12410,fjlc2p
10013,vzbffm
12551,xj8mbs
12174,ljmvc9
12583,dz4828
12634,bjsvld
12512,rj67sv
12659,cjxjw7
12679,nj5qr5
12603,jjn4kq
12519,jj1s6w
10343,sidvp1jen
12653,zjpncg
12549,vjk826
12629,xjy312
11826,njpvpc
12635,zjc7fc
12596,wjw475
10004,comitter
12604,jj83hg
11284,sjq6vq
10474,dz48hg
11562,lzp61g
12294,fj097d
12614,"reporter_10030181"
12529,fjvysl
12605,njrsh4
11829,fjbp62
11513,tjlt3n
12631,vjcnh3
10271,hzlf9m
12436,pjhrhk
11665,rjy25k
11197,sz95mg
12544,hjyfvn
12638,cjydc6
12664,lj1s8p
10931,szxzcn
12630,vz7csk
12248,fjbpjz
11746,gjtlhs
12639,hjkqc0
11561,jjt8rj
11469,gjmkjx
12640,gjklv8
11369,ljdjx2
11323,mj11qk
12272,bjn823
11392,djzcsp
10482,bz024h
12627,wzyt83
12641,rj58dl
11934,tzmhm6
12523,jjjfyz
11718,gj1jn5
12644,jj7w7b
12646,mjmnym
12648,bj3z24
11701,njq9mq
12524,dj0s0t
12232,bzxdw2
11333,gjyfqc
12645,lz225c
12498,tz9gf8
12383,"admin_djr"
12011,rj4ktv
10440,qj91h7
11406,dzxw0b
11474,sjw7pf
11726,"sid_actsfy_sw"
12662,fjss5r
10019,rzgzws
12547,cjrvnq
12184,jj6yt8
12271,ljjtvk
11822,mjtppp
12552,sj68k0
12647,kjftyb
10724,pj4dyw
10830,bjyptb
12637,pj919j
11683,bj1x82
12370,fj97sc
12312,cjhxrx
12532,bjb8vl
12404,vj7gbw
10868,szfnw4
11516,vj8y0z
12485,jjv5tx
10001,zzssm0
10933,xj8vfk
11756,pzv1vq
10550,vjbfy0
11776,nzpm73
12526,xj2cld
11050,rjpfjb
12492,zjk59r
12385,hjl8vs
10063,dzcx8m
12649,xjht9p
10787,jzwbp9
12535,bj21sf
10780,pz7sn2
10323,rzbkll
12501,jjj9m3
12553,xjbcrz
11556,djt57l
10292,vz99b8
11998,tjwblr
11526,sj37tj
10386,qz936k
10103,fzjt2c
12016,pj1rgk
10005,pzx0hr
12507,"report (id: 12507) deleted at wed jul 18 06:09:32 edt 2018"
11093,mjws95
10776,hzrwlj
11420,xj4yh8
10580,rzjn17
10197,xzgsg5
11165,hj5csb
12137,bjfb19
12514,sjtrwj
11839,tjzvw0
12219,dz0yk8
12555,qjj7pp
12509,ljl35q
11739,tjczhr
11057,cjgqt6
10855,gzlwnl
10772,pz9mrz
12116,hj3nt7
10687,kzj9c6
12510,djrfx9
12380,"admin_gc"
11214,cjb4vv
12511,report
11167,ljyv0f
10472,jjdhm8
12497,kjkqzr
10753,kzfwyj
11965,kzf4y3
11324,hj45wf
10451,sjwryq
12080,vj1b98
12165,qj30kw
12033,szt4x7
12502,xj0qfc
10578,dz7cfy
10676,zzfdqd
12542,zzwf3m
12543,zjfzsm
11453,qjcm51
11096,xzdncl
10879,dzkbgf
12151,cjvnnt
10898,nzy07z
10602,mzcvv0
11450,fz9bs1
10058,pzp4sg
10588,vz8y0m
10085,qzld9w
10266,bz5jhx
12431,dj0c62
12525,gz300k
11687,djxppp
10007,jz2zx4
12564,vzjpg4
12048,pzczrd
12140,njd00s
12574,zj8knh
11381,zjp2xj
11435,lzns7y
11879,zj5s6l
12346,zjnh9w
12548,kjc4vy
12489,vj3k86
10156,gz7fyc
12419,sjv96w
11038,mzllwg
11230,kjpb3v
12329,kjpyf6
11238,hjwhvm
11202,jjtnqq
10186,szt9bs
11424,xjvllw
11704,vjc5rz
12225,qj2td1
12224,rjyj7d
12628,djq1v7
12154,fj6lml
10011,webservice
11579,wj3rt7
12575,lj32bk
12632,bj13xx
11715,vztml1
11426,rjhhwc
12330,tjbnrq
10710,qjhm8r
11859,qjxz1m
10043,qztqyx
11760,bjp4mz
12464,cjkl48
11712,lj9195
10036,"sid_idije"
11627,jjxk95
12578,qjt0qs
12585,zjrbwk
12175,ljpntk
12541,zjn8h0
12123,xjgxvm
11780,qzt40n
11266,mzjc9f
12582,tj69xr
11699,rjdl30
10686,zjngrp
10002,xzglc9
12317,vjxrnt
12223,xjjl39
12276,tj1b3k
11823,cj3tcr
11614,kz39f2
12506,jjcs2s
10291,dzphcr
10663,szbsjh
12007,tjrbvy
12362,mjmrd6
11084,vzqc95
12396,mjv6pl
12482,tjvj82
11276,nj411z
11128,rjr37n
12062,vjj0wl
12611,rjtrll
10869,cznt7n
11767,lj8h4q
10008,szmdrt
11964,jj75kw
12243,fjj4z9
10231,kzkm1g
11550,kjgqrs
11654,"sid_teamwall_01"
12586,tjb9vj
12556,kjkdbj
11501,rjxl2t
11576,njwf91
11327,njd3dh
10986,pzwbcn
10819,wzhvb5
11842,nj6rmq
10744,bz8pv1
12188,gjjm7n
11247,tj8thf
12270,kjnyv0
12382,"admin_sks"
11885,pj5jh3
12378,"admin_dmg"
10078,gzt3xl
12518,zjx0l0
11641,lz0prh
12130,mjg39t
12576,jj41zs
10252,gz4pws
11777,lz7p6k
11365,nzxxv8
12302,zjcjns
12361,ljs3tn
12536,wj56ll
10768,jzyv87
10489,tzpgxj
10622,xz6psc
11317,qjky54
12522,fjzzjn
12309,djgksl
11758,jjzbmt
11851,sjsjyx
11645,vjzgfl
12546,xj8hf1
12288,tj6b0f
10880,tzp55z
11083,szjwmg
10421,jzjq82
10326,sz20bk
11691,lzmw69
12453,njl9z7
11585,kjq8kc
11814,sjj6ks
12252,nzx1yx
12186,cjz711
10035,dzq92s
11169,rjhth4
12100,gj1819
12268,rj09fw
12365,hjtnwy
11558,njrd90
11141,nzqcdz
10072,dz8swj
11273,ljb7l7
11591,ljvwwf
11981,vj0xqx
10163,nztzyr
11448,sj0wf5
12480,hj6jjg
12173,sj6cds
11560,fjynb4
10455,nz642m
11784,njygy0
12584,rjkfv3
11961,gz012j
12476,jj5z6v
11575,hj10v6
10762,wzntxd
11886,mjxyjs
10351,fzl2ry
12135,ljfty5
11574,kjkhf1
11011,pzbdxm
12458,mjvn8f
10104,bzcvhl
10504,hj29ql
10300,wzvslc
10270,vzqtdb
11735,hjws9q
10519,nz2lxy
11362,fjkbh7
12236,kjhd42
10236,wzsz17
2,admin
